{
    "click_prob": [
        0.29999999999999993,
        0.3466666666666666,
        0.43999999999999995,
        0.6266666666666666,
        0.9999999999999999
    ],
    "eta": 0.5,
    "exam_prob": [
        0.8246211251235321,
        0.7810249675906654,
        0.6928203230275509,
        0.5830951894845301,
        0.5291502622129182,
        0.4472135954999579,
        0.33166247903553997,
        0.31622776601683794,
        0.282842712474619,
        0.2449489742783178
    ],
    "model_name": "dependent_click_model"
}