{
    "click_prob": [
        0.29999999999999993,
        0.3466666666666666,
        0.43999999999999995,
        0.6266666666666666,
        0.9999999999999999
    ],
    "eta": 2.0,
    "exam_prob": [
        0.4624000000000001,
        0.3721,
        0.2304,
        0.11560000000000002,
        0.07840000000000001,
        0.04000000000000001,
        0.0121,
        0.010000000000000002,
        0.0064,
        0.0036
    ],
    "model_name": "dependent_click_model"
}