{
    "click_prob": [
        0.29999999999999993,
        0.3466666666666666,
        0.43999999999999995,
        0.6266666666666666,
        0.9999999999999999
    ],
    "eta": 1.0,
    "exam_prob": [
        0.68,
        0.61,
        0.48,
        0.34,
        0.28,
        0.2,
        0.11,
        0.1,
        0.08,
        0.06
    ],
    "model_name": "dependent_click_model"
}