{
    "IPW_list": [
        0.9999999999980326,
        2.062661719961631,
        4.190904758257907,
        8.384810047092108,
        16.545448330326163,
        32.36483026563633,
        62.455498481283435,
        116.79873913166581,
        171.87727407786738,
        317.82584365451044,
        580.449629655993,
        1050.851143900035,
        1890.6338896678499,
        3265.013830201591,
        5433.99106973588,
        9998.700467350445,
        16327.288566958217,
        22329.967304416572,
        38934.29770915443,
        101229.13251391167,
        168715.14587206015,
        506144.31285229046,
        379608.5509786226,
        506144.31285229046,
        1501475.9852401474,
        1469508.3049169506,
        1441910,
        1441910,
        1399532,
        1232446,
        1102193,
        788788,
        620883,
        620883,
        620883,
        620883,
        620883,
        620883,
        620883,
        620883,
        620883,
        620883,
        620883,
        620883,
        620883,
        620883,
        608646,
        608646,
        608646,
        608646,
        608646,
        593272,
        593272,
        593272,
        593272,
        581037,
        565491,
        539383,
        471100,
        373054,
        318874,
        275767,
        251906,
        227153,
        227153,
        227153,
        227153,
        227153,
        227153,
        227153,
        227153,
        227153,
        227153,
        227153,
        227153,
        227153,
        227153,
        227153,
        227153,
        227153,
        227153,
        227153,
        227153,
        227153,
        227153,
        227153,
        227153,
        227153,
        227153,
        227153,
        227153,
        227153,
        227153,
        227153,
        227153,
        227153,
        227153,
        227153,
        227153,
        227153,
        227153,
        227153,
        227153,
        227153,
        227153,
        227153,
        227153,
        227153,
        227153,
        227153,
        227153,
        215085,
        215085,
        185431,
        167385,
        143282,
        105053,
        79195,
        38133,
        13341,
        13341
    ],
    "click_model": {
        "click_prob": [
            0.4,
            0.7,
            0.9
        ],
        "eta": 1.0,
        "exam_prob": [
            1.0,
            1.0,
            1.0,
            1.0,
            1.0,
            1.0,
            1.0,
            1.0,
            1.0,
            1.0
        ],
        "model_name": "cascade_model"
    }
}