{
    "IPW_list": [
        0.9999999999955815,
        1.1563200913868819,
        1.539489087577914,
        2.1165689382476542,
        2.84096455107902,
        3.7112668882788475,
        4.7245776225052944,
        5.7712671701969525,
        5.956559237577258,
        7.118322970567656,
        432.52080633324925,
        4008.738484517482,
        37796.66507261962,
        511449.4427527862,
        964533,
        820714,
        576667,
        576667,
        576667,
        576667,
        576667,
        576667,
        576667,
        576667,
        567049,
        550811,
        540956,
        540956,
        525381,
        447957,
        394224,
        257187,
        195566,
        195566,
        195566,
        195566,
        195566,
        195566,
        195566,
        195566,
        195566,
        195566,
        195566,
        195566,
        195566,
        195566,
        193461,
        193461,
        193461,
        193461,
        193461,
        186055,
        186055,
        186055,
        186055,
        184098,
        176688,
        169151,
        146606,
        111475,
        93441,
        76253,
        72475,
        67571,
        67571,
        67571,
        67571,
        67571,
        67571,
        67571,
        67571,
        67571,
        67571,
        67571,
        67571,
        67571,
        67571,
        67571,
        67571,
        67571,
        67571,
        67571,
        67571,
        67571,
        67571,
        67571,
        67571,
        67571,
        67571,
        67571,
        67571,
        67571,
        67571,
        67571,
        67571,
        67571,
        67571,
        67571,
        67571,
        67571,
        67571,
        67571,
        67571,
        67571,
        67571,
        67571,
        67571,
        67571,
        67571,
        67571,
        67571,
        65600,
        65600,
        52628,
        41059,
        37349,
        28168,
        21568,
        8612,
        3891,
        3891
    ],
    "click_model": {
        "click_prob": [
            0.05,
            0.5,
            0.95
        ],
        "eta": 1.0,
        "exam_prob": [
            1.0,
            0.5,
            0.333,
            0.25,
            0.2,
            0.167,
            0.143,
            0.125,
            0.111,
            0.1
        ],
        "model_name": "dependent_click_model"
    }
}