{
    "IPW_list": [
        0.9999999999980318,
        1.3479691940627687,
        2.45715910699979,
        5.231773144823907,
        11.545212227820064,
        24.78826821260312,
        51.3525578678404,
        100.42971644404754,
        156.236837400668,
        292.55728165821506,
        5850.505342439708,
        50082.49998443396,
        884788.0507064976,
        2589177,
        2466750,
        2138812,
        1518590,
        1518590,
        1518590,
        1518590,
        1518590,
        1518590,
        1518590,
        1518590,
        1501971,
        1469985,
        1442341,
        1442341,
        1399987,
        1232844,
        1102486,
        789690,
        620652,
        620652,
        620652,
        620652,
        620652,
        620652,
        620652,
        620652,
        620652,
        620652,
        620652,
        620652,
        620652,
        620652,
        608591,
        608591,
        608591,
        608591,
        608591,
        593477,
        593477,
        593477,
        593477,
        581279,
        565752,
        539294,
        471221,
        373032,
        318744,
        275755,
        251662,
        227132,
        227132,
        227132,
        227132,
        227132,
        227132,
        227132,
        227132,
        227132,
        227132,
        227132,
        227132,
        227132,
        227132,
        227132,
        227132,
        227132,
        227132,
        227132,
        227132,
        227132,
        227132,
        227132,
        227132,
        227132,
        227132,
        227132,
        227132,
        227132,
        227132,
        227132,
        227132,
        227132,
        227132,
        227132,
        227132,
        227132,
        227132,
        227132,
        227132,
        227132,
        227132,
        227132,
        227132,
        227132,
        227132,
        227132,
        227132,
        215120,
        215120,
        185513,
        167541,
        143225,
        104857,
        78649,
        38008,
        13291,
        13291
    ],
    "click_model": {
        "click_prob": [
            0.4,
            0.7,
            0.9
        ],
        "eta": 1.0,
        "exam_prob": [
            1.0,
            0.5,
            0.333,
            0.25,
            0.2,
            0.167,
            0.143,
            0.125,
            0.111,
            0.1
        ],
        "model_name": "dependent_click_model"
    }
}