{
    "IPW_list": [
        0.9999999999948952,
        1.1507301866209654,
        1.5057062393430314,
        2.0142428230441904,
        2.632648261572158,
        3.3263892903586125,
        4.095017150794629,
        4.819224414028721,
        5.134592624954483,
        5.908553803855417,
        423.4736821843364,
        4258.585158117797,
        67154.56372725868,
        839993.6000639993,
        788228,
        664646,
        465047,
        465047,
        465047,
        465047,
        465047,
        465047,
        465047,
        465047,
        455788,
        440937,
        433636,
        433636,
        421019,
        353914,
        308875,
        190505,
        141559,
        141559,
        141559,
        141559,
        141559,
        141559,
        141559,
        141559,
        141559,
        141559,
        141559,
        141559,
        141559,
        141559,
        140936,
        140936,
        140936,
        140936,
        140936,
        134562,
        134562,
        134562,
        134562,
        134023,
        127426,
        122221,
        105268,
        77544,
        64179,
        49856,
        48883,
        46815,
        46815,
        46815,
        46815,
        46815,
        46815,
        46815,
        46815,
        46815,
        46815,
        46815,
        46815,
        46815,
        46815,
        46815,
        46815,
        46815,
        46815,
        46815,
        46815,
        46815,
        46815,
        46815,
        46815,
        46815,
        46815,
        46815,
        46815,
        46815,
        46815,
        46815,
        46815,
        46815,
        46815,
        46815,
        46815,
        46815,
        46815,
        46815,
        46815,
        46815,
        46815,
        46815,
        46815,
        46815,
        46815,
        46815,
        46815,
        46302,
        46302,
        35014,
        23935,
        23049,
        17886,
        14046,
        4489,
        2578,
        2578
    ],
    "click_model": {
        "click_prob": [
            0.0,
            0.5,
            1.0
        ],
        "eta": 1.0,
        "exam_prob": [
            1.0,
            0.5,
            0.333,
            0.25,
            0.2,
            0.167,
            0.143,
            0.125,
            0.111,
            0.1
        ],
        "model_name": "dependent_click_model"
    }
}