{
    "click_prob": [
        0.2,
        0.4666666666666667,
        1.0
    ],
    "eta": 0.5,
    "exam_prob": [
        [
            1.0
        ],
        [
            0.9899494936611666,
            1.0
        ],
        [
            1.0,
            0.7874007874011811,
            0.9746794344808963
        ],
        [
            1.0,
            0.8774964387392122,
            0.648074069840786,
            0.9055385138137416
        ],
        [
            1.0,
            0.9591663046625439,
            0.7416198487095663,
            0.5567764362830022,
            0.8306623862918074
        ],
        [
            1.0,
            0.9797958971132712,
            0.7937253933193772,
            0.6324555320336759,
            0.469041575982343,
            0.7348469228349535
        ],
        [
            1.0,
            0.99498743710662,
            0.8544003745317531,
            0.6782329983125268,
            0.5385164807134504,
            0.41231056256176607,
            0.6855654600401044
        ],
        [
            1.0,
            1.0,
            0.9433981132056604,
            0.7211102550927979,
            0.5916079783099616,
            0.4898979485566356,
            0.37416573867739417,
            0.6557438524302001
        ],
        [
            1.0,
            1.0,
            0.9746794344808963,
            0.8246211251235321,
            0.6324555320336759,
            0.5385164807134504,
            0.43588989435406733,
            0.34641016151377546,
            0.6403124237432849
        ],
        [
            1.0,
            1.0,
            1.0,
            0.9797958971132712,
            0.7211102550927979,
            0.6,
            0.5196152422706632,
            0.4242640687119285,
            0.34641016151377546,
            0.6557438524302001
        ]
    ],
    "model_name": "user_browsing_model"
}