{
    "click_prob": [
        0.1,
        0.4,
        1.0
    ],
    "eta": 2.0,
    "exam_prob": [
        [
            1.0
        ],
        [
            0.9603999999999999,
            1.0
        ],
        [
            1.0,
            0.3844,
            0.9025
        ],
        [
            1.0,
            0.5929,
            0.17639999999999997,
            0.6723999999999999
        ],
        [
            1.0,
            0.8464,
            0.30250000000000005,
            0.0961,
            0.4760999999999999
        ],
        [
            1.0,
            0.9216,
            0.39690000000000003,
            0.16000000000000003,
            0.0484,
            0.2916
        ],
        [
            1.0,
            0.9801,
            0.5328999999999999,
            0.2116,
            0.0841,
            0.028900000000000006,
            0.22089999999999999
        ],
        [
            1.0,
            1.0,
            0.7921,
            0.27040000000000003,
            0.12249999999999998,
            0.0576,
            0.019600000000000003,
            0.18489999999999998
        ],
        [
            1.0,
            1.0,
            0.9025,
            0.4624000000000001,
            0.16000000000000003,
            0.0841,
            0.0361,
            0.0144,
            0.16809999999999997
        ],
        [
            1.0,
            1.0,
            1.0,
            0.9216,
            0.27040000000000003,
            0.1296,
            0.0729,
            0.0324,
            0.0144,
            0.18489999999999998
        ]
    ],
    "model_name": "user_browsing_model"
}