{
    "click_prob": [
        0.2,
        0.25333333333333335,
        0.36,
        0.5733333333333334,
        1.0
    ],
    "eta": 1.0,
    "exam_prob": [
        0.68,
        0.61,
        0.48,
        0.34,
        0.28,
        0.2,
        0.11,
        0.1,
        0.08,
        0.06
    ],
    "model_name": "position_biased_model"
}