{
    "click_prob": [
        0.3,
        0.5333333333333333,
        0.9999999999999999
    ],
    "eta": 0.5,
    "exam_prob": [
        1.0,
        1.0,
        1.0,
        1.0,
        1.0,
        1.0,
        1.0,
        1.0,
        1.0,
        1.0
    ],
    "model_name": "cascade_model"
}