{
    "click_prob": [
        0.29999999999999993,
        0.3466666666666666,
        0.43999999999999995,
        0.6266666666666666,
        0.9999999999999999
    ],
    "eta": 2.0,
    "exam_prob": [
        1.0,
        1.0,
        1.0,
        1.0,
        1.0,
        1.0,
        1.0,
        1.0,
        1.0,
        1.0
    ],
    "model_name": "cascade_model"
}