{
    "click_prob": [
        0.2,
        0.25333333333333335,
        0.36,
        0.5733333333333334,
        1.0
    ],
    "eta": 0.5,
    "exam_prob": [
        1.0,
        1.0,
        1.0,
        1.0,
        1.0,
        1.0,
        1.0,
        1.0,
        1.0,
        1.0
    ],
    "model_name": "cascade_model"
}