{
    "click_prob": [
        0.2,
        0.25333333333333335,
        0.36,
        0.5733333333333334,
        1.0
    ],
    "eta": 2.0,
    "exam_prob": [
        0.9,
        0.9,
        0.9,
        0.9,
        0.9,
        0.9,
        0.9,
        0.9,
        0.9,
        0.9
    ],
    "model_name": "click_chain_model"
}